eventId,tagId,relevance
1001,1,0.025
1001,2,0.025
1001,3,0.05775
1001,4,0.09675
1001,5,0.14675
1001,6,0.217
1001,7,0.067
1001,8,0.26275
1001,9,0.025
1001,10,0.025
1001,11,0.05775
1001,12,0.09675
1001,13,0.14675
1001,14,0.217
1001,15,0.067
1001,16,0.26275
